,country,Alpha-2 code,Alpha-3 code,Numeric code,Latitude (average),Longitude (average),Icon,WP5 Country_x,Regional indicator,lat,lon,Ladder score,Standard error of ladder score,Logged GDP per capita,Social support,Healthy life expectancy,Freedom to make life choices,Generosity,Perceptions of corruption,Ladder score in Dystopia,Dystopia + residual,Explained by: Log GDP per capita,Explained by: Social support,Explained by: Healthy life expectancy,Explained by: Freedom to make life choices,Explained by: Generosity,Explained by: Perceptions of corruption,Trust in national government,Democratic Quality 2012,Delivery Quality 2012,"Most people can be trusted, Gallup, mostly 2009-10","Most people can be trusted, WVS round 1981-1984","Most people can be trusted, WVS round 1989-1993","Most people can be trusted, WVS round 1994-1998","Most people can be trusted, WVS round 1999-2004","Most people can be trusted, WVS round 2005-2009","Most people can be trusted, WVS round 2010-2014",WP5 Country_y,Lat,Lon,Changes in ladder scores,Standard error of changes in ladder scores,Changes in: GDP per capita,Changes due to: GDP per capita,Changes in: Social support,Changes due to: Social support,Changes in: Healthy life expectancy,Changes due to: Healthy life expectancy,Changes in: Freedom to make life choices,Changes due to: Freedom to make life choices,Changes in: Generosity,Changes due to: Generosity,Changes in: Perceptions of corruption,Changes due to: Perceptions of corruption,Predicted changes due to changes in the six factors,Changes in trust in national government,Changes in democratic quality from 2005-07 to 2012,Changes in delivery quality from 2005-07 to 2012,score2007
0,Albania,AL,ALB,8,41.0,20.0,,083 Albania,Central and Eastern Europe,41.153332,20.168331,4.959000111,0.050132535,9.269684792,0.724589467,68.10516357,0.655295372,-0.114963196,0.864195228,2.098976374,1.898938656,0.878674865,0.804339111,0.813253522,0.357325524,0.142724946,0.064126752,0.398994416,-0.074505888,-0.351115823,0.126044571,,,0.243243247,0.231999993,,,083 Albania,41.153332,20.168331,0.325131893,0.08615011,0.257121086,0.083865806,-0.096097231,-0.229226261,0.940086365,0.026016181,0.127296746,0.13418296,-0.103267409,-0.081308149,-0.010080338,0.006370143,-0.060099319,0.096786618,0.091696627,0.168191135,4.633868218
1,Argentina,AR,ARG,32,-34.0,-64.0,,087 Argentina,Latin America and Caribbean,-38.416097,-63.616672,6.573999882,0.046123084,9.805690765,0.910680711,67.16481781,0.74296385,-0.150800332,0.831423283,2.098976374,2.835997105,1.053505182,1.248233318,0.787230134,0.449736476,0.11450839,0.084836572,0.419626981,0.158757001,-0.604722083,0.200202227,0.270073295,0.223552898,0.170843616,0.150153533,0.174057528,0.193530723,087 Argentina,-38.416097,-63.616672,0.38121891,0.065906741,0.248231888,0.080966398,0.010062218,0.024001988,1.016227722,0.028123336,0.050385773,0.05311143,-0.017247498,-0.013579911,-0.035260797,0.022282617,0.194905862,-0.041179419,-0.031307057,-0.177522391,6.192780972
2,Armenia,AM,ARM,51,40.0,45.0,,088 Armenia,Commonwealth of Independent States,40.069099,45.038189,4.349999905,0.047625668,8.931020737,0.713175714,65.09311676,0.504595757,-0.196466073,0.90394932,2.098976374,1.758725643,0.768211961,0.777113259,0.72989738,0.198473677,0.078553222,0.039004657,0.253683299,-0.23178266,-0.158145249,0.172520667,,,0.234999999,,,0.109135807,088 Armenia,40.069099,45.038189,-0.235561371,0.065854505,0.161585808,0.052704837,0.003869176,0.009229368,0.772674561,0.021383187,-0.045173883,-0.047617599,0.030754477,0.024214702,0.064435244,-0.040719043,0.01919545,-0.105059475,0.156057402,0.114737302,4.585561276
3,Australia,AU,AUS,36,-27.0,133.0,,047 Australia,North America and ANZ,-25.274398,133.775136,7.28399992,0.040831193,10.66437435,0.936251402,72.37998199,0.934129834,0.25703004,0.401746958,2.098976374,2.266460419,1.333584189,1.309228539,0.931555867,0.651243746,0.435615838,0.356365114,0.440656304,1.249792933,1.780753732,,0.478149384,,0.39449206,,0.461379021,0.518140078,047 Australia,-25.274398,133.775136,-0.02642107,0.057301201,0.072486877,0.023643222,-0.030508041,-0.072772585,1.06162262,0.029379606,0.017939985,0.018910462,-0.075600147,-0.059524182,-0.037761986,0.023863213,-0.036500264,-0.089847267,0.071948767,-0.005805016,7.31042099
4,Austria,AT,AUT,40,47.3333,13.3333,,089 Austria,Western Europe,47.516231,14.550072,7.199999809,0.037508823,10.67555904,0.931142211,70.89360809,0.90860188,0.124014005,0.670133412,2.098976374,2.533203125,1.337232232,1.297041297,0.890421629,0.624334812,0.330884933,0.186761677,0.403196931,1.392406106,1.565799713,0.332644641,,,,,,,089 Austria,47.516231,14.550072,0.07766819,0.074161492,0.049888611,0.01627229,-0.004279137,-0.010207271,0.917663574,0.025395649,-0.032750309,-0.034521963,-0.172859892,-0.13610217,0.180045962,-0.113777786,-0.252941251,-0.10073781,0.120129943,-0.281136036,7.122331619
5,Azerbaijan,AZ,AZE,31,40.5,47.5,,090 Azerbaijan,Commonwealth of Independent States,40.143105,47.576927,5.211999893,0.0336348,9.714889526,0.780594885,61.86105728,0.667600513,-0.197177783,0.71144712,2.098976374,2.000728369,1.02388835,0.937932074,0.640452564,0.370296299,0.077992857,0.160654008,0.7471084,-0.974218547,-0.781646788,0.272819459,,,0.194305688,,,0.147932932,090 Azerbaijan,40.143105,47.576927,0.562464714,0.050772704,0.331693649,0.108189322,-0.038402736,-0.091604255,0.994422913,0.027519904,-0.029380679,-0.03097005,0.045625642,0.035923593,-0.099269569,0.06273216,0.111790672,0.009284198,0.079892457,-0.036445439,4.649535179
6,Bangladesh,BD,BGD,50,24.0,90.0,,011 Bangladesh,South Asia,23.684994,90.356331,4.693999767,0.030773658,7.794554234,0.568101943,60.45843124,0.7035622,-0.026702447,0.766768396,2.098976374,2.517665386,0.397527933,0.431060433,0.601635933,0.408203363,0.21221754,0.125694424,0.716837585,-0.883089423,-0.890473485,0.120603018,,,0.204590157,0.232666671,,,011 Bangladesh,23.684994,90.356331,0.221284389,0.052433886,0.295982361,0.096541286,-0.019538224,-0.04660565,2.088382721,0.057794418,0.095816851,0.101000138,-0.098993659,-0.077943191,-0.029973745,0.018941531,0.149728537,0.039122224,0.191278219,0.091093302,4.472715378
7,Belarus,BY,BLR,112,53.0,28.0,,071 Belarus,Commonwealth of Independent States,53.709807,27.95338,5.813000202,0.03938419,9.739522934,0.90424639,65.31640625,0.676215351,-0.155937225,0.663580894,2.098976374,2.130903006,1.031923056,1.232885122,0.736076772,0.379377186,0.110463828,0.190902457,0.503822982,-0.758164763,-0.870035648,0.347449481,,0.250246316,0.229923517,,,0.329064935,071 Belarus,53.709807,27.95338,0.175355911,0.055986743,0.302481651,0.098661177,0.002563596,0.006115092,3.265872955,0.090380572,-0.016551435,-0.017446797,0.086867839,0.06839586,-0.042568207,0.026900444,0.27300635,-0.073916495,-0.020991445,0.275898457,5.637644291
8,Belgium,BE,BEL,56,50.8333,4.0,,016 Belgium,Western Europe,50.503887,4.469936,6.936999798,0.035954919,10.58537292,0.926372409,71.11927032,0.870814443,-0.013645837,0.608997643,2.098976374,2.414841175,1.307816029,1.285663605,0.896666646,0.584503233,0.222497731,0.225395665,0.4839423,1.12436533,1.440010548,0.293642789,,,,,,,016 Belgium,50.503887,4.469936,-0.303007603,0.053410556,-0.004056931,-0.001323259,-0.002459168,-0.005865996,0.665161133,0.018407833,-0.040799916,-0.04300702,-0.075299129,-0.059287176,-0.051811874,0.032741863,-0.058333755,-0.092775494,0.031756401,0.049451709,7.240007401
9,Benin,BJ,BEN,204,9.5,2.25,,042 Benin,Sub-Saharan Africa,9.30769,2.315834,3.339999914,0.036556616,7.454632759,0.535738528,50.24900818,0.775939822,-0.064318918,0.838918984,2.098976374,1.633279085,0.286654919,0.353862107,0.319097847,0.484496325,0.182599992,0.080099761,0.568248391,0.189878225,-0.6206038,,,,,,,,042 Benin,9.30769,2.315834,0.010288477,0.066778056,0.08297348,0.027063662,0.090249538,0.215277418,1.53131485,0.042377986,0.196210504,0.20682466,-0.085617773,-0.067411616,0.04943186,-0.031237843,0.392894268,0.026736259,-0.140335053,-0.048134804,3.329711437
10,Bolivia,BO,BOL,68,-17.0,-65.0,,096 Bolivia,Latin America and Caribbean,-16.290154,-63.588653,5.889999866,0.056416493,8.664662361,0.797565699,58.20220947,0.860981047,-0.035406888,0.82642144,2.098976374,2.823338509,0.681333244,0.978413522,0.53919673,0.574137926,0.205364034,0.087997429,0.433858484,-0.317424357,-0.738286734,0.120040692,,,,,,,096 Bolivia,-16.290154,-63.588653,0.389466763,0.074695945,0.192016602,0.062630519,-0.018675029,-0.044546623,1.634788513,0.045241538,0.086266637,0.090933301,-0.020777602,-0.016359357,0.021141529,-0.013360124,0.124539256,-0.085695118,0.145123065,-0.044665456,5.500533103
11,Bosnia and Herzegovina,BA,BIH,70,44.0,18.0,,097 Bosnia and Herzegovina,Central and Eastern Europe,43.915886,17.679076,4.948999882,0.069125794,9.127297401,0.772723079,67.29405975,0.404013067,0.018851038,0.96208638,2.098976374,2.063668013,0.832231998,0.919155002,0.79080683,0.092449896,0.248084307,0.002265672,0.153917238,-0.337707281,-0.26445052,0.189243704,,,0.247500002,0.155833334,,,097 Bosnia and Herzegovina,43.915886,17.679076,0.048854828,0.093191706,0.047567368,0.015515164,0.004921377,0.011739243,0.733108521,0.020288225,0.063669682,0.067113943,0.011826098,0.009311342,0.03530246,-0.022308946,0.10165897,-0.252022564,-0.163170516,0.212170392,4.900145054
12,Botswana,BW,BWA,72,-22.0,24.0,,057 Botswana,Sub-Saharan Africa,-22.328474,24.684866,4.331999779,0.049339868,9.621862411,0.850481033,40.44430542,0.785856605,-0.163377523,0.76827395,2.098976374,1.461810589,0.993545473,1.104635477,0.047760095,0.494949549,0.104605667,0.124743,0.675001621,0.802923262,0.68296802,0.08016032,,,,,,,057 Botswana,-22.328474,24.684866,-0.407317162,0.088455439,0.211741447,0.069064222,-0.032576561,-0.077706747,0.738777161,0.020445101,-0.037592411,-0.039626002,0.039646298,0.031215725,0.04370898,-0.02762134,-0.02422904,-0.13284409,0.044970989,0.003663898,4.739316941
13,Brazil,BR,BRA,76,-10.0,-55.0,,033 Brazil,Latin America and Caribbean,-14.235004,-51.92528,6.982999802,0.040760063,9.584126472,0.904241323,63.90522003,0.781625569,-0.111135721,0.688408315,2.098976374,3.260014057,0.981237054,1.232873082,0.697023213,0.490489632,0.145738527,0.175213084,0.396862805,0.248016298,-0.053562902,0.136474013,,0.066019863,,,0.093811095,0.070637845,033 Brazil,-14.235004,-51.92528,0.504256725,0.068838418,0.165534973,0.053992946,0.019609571,0.046775836,1.64239502,0.045452043,-0.047801435,-0.050387289,-0.084589228,-0.066601783,-0.047124922,0.029780002,0.059011757,0.036543906,0.164381757,0.138679385,6.478743077
14,Bulgaria,BG,BGR,100,43.0,25.0,,099 Bulgaria,Central and Eastern Europe,42.733883,25.48583,4.217999935,0.048275467,9.678918839,0.851111531,66.41539001,0.606480479,-0.144828111,0.951871812,2.098976374,0.899907351,1.012155771,1.106139421,0.766490281,0.305869937,0.119210646,0.008720639,0.218773201,0.357870907,0.080051661,0.21846965,,,0.236940295,,0.19657068,,099 Bulgaria,42.733883,25.48583,0.374696016,0.082981229,0.080789566,0.026351329,0.020487785,0.048870694,1.60748291,0.044485878,0.041086853,0.043309476,-0.000199184,-0.000156828,-0.02403897,0.015191126,0.17805168,-0.057478324,-0.088835418,-0.031927779,3.843303919
15,Burkina Faso,BF,BFA,854,13.0,-2.0,,078 Burkina Faso,Sub-Saharan Africa,12.238333,-1.561593,3.586999893,0.043236915,7.367134094,0.744521439,48.51991272,0.690965474,-0.020036876,0.762613952,2.098976374,1.464938164,0.258115262,0.851884007,0.271246433,0.394925207,0.217465699,0.12831977,0.598793209,-0.481093526,-0.426062435,0.277555108,,,,,0.143534184,,078 Burkina Faso,12.238333,-1.561593,-0.322788239,0.055087078,0.187610626,0.061193414,-0.035481095,-0.084635101,2.502231598,0.069247372,0.105349958,0.111048944,-0.015953386,-0.012560984,-0.052565753,0.033218268,0.177511916,0.21064055,-0.345186293,0.002685308,3.909788132
16,Cambodia,KH,KHM,116,13.0,105.0,,052 Cambodia,Southeast Asia,12.565679,104.990963,3.819000006,0.050689489,7.987250805,0.650393963,60.8017807,0.9447667,0.216356635,0.850991607,2.098976374,0.981947184,0.460380256,0.627356291,0.611137867,0.662456036,0.403591365,0.07247062,,-0.555413365,-0.797502458,0.101805419,,,,,,,052 Cambodia,12.565679,104.990963,-0.042877674,0.064388804,0.279205799,0.091069236,-0.083646238,-0.199526191,2.850353241,0.078881375,0.126205444,0.13303262,0.029952109,0.023582954,-0.001739621,0.001099332,0.128139332,,0.123040497,0.14199543,3.86187768
17,Cameroon,CM,CMR,120,6.0,12.0,,079 Cameroon,Sub-Saharan Africa,7.369722,12.354722,4.251999855,0.046784561,7.871113777,0.759524286,47.17487717,0.784092605,-0.034369841,0.8741166,2.098976374,1.950708389,0.422499567,0.887671173,0.234023601,0.493090123,0.206180543,0.05785707,0.5832268,-0.802268863,-1.02385819,0.128385156,,,,,,,079 Cameroon,7.369722,12.354722,0.15253067,0.067862704,0.072302341,0.02358303,0.054402173,0.12976864,2.334278107,0.064599387,0.133858979,0.141100183,-0.024459166,-0.019258056,-0.034365296,0.021716718,0.361509889,0.160913795,-0.155464113,-0.042070568,4.099469185
18,Canada,CA,CAN,124,60.0,-95.0,,046 Canada,North America and ANZ,56.130366,-106.346771,7.427000046,0.035526033,10.64201641,0.941860437,71.44319153,0.916791618,0.285598069,0.444143742,2.098976374,2.451755524,1.326291561,1.322608113,0.905630887,0.632967591,0.458109021,0.329573005,0.492210895,1.268313885,1.780549288,0.450844079,,,,0.385469198,0.418500453,,046 Canada,56.130366,-106.346771,-0.018339634,0.059254806,0.027763367,0.009055645,-0.01962465,-0.046811808,0.913330078,0.025275722,-0.028973639,-0.03054099,0.047794238,0.03763105,-0.018164575,0.011478875,0.006088494,-0.033474535,0.086317062,0.003205299,7.44533968
19,Central African Republic,CF,CAF,140,7.0,21.0,,102 Central African Republic,Sub-Saharan Africa,6.611111,20.939444,3.677999973,0.061117057,6.81646204,0.387390912,41.13923645,0.780017793,0.006486155,0.834498882,2.098976374,2.722296715,0.078501232,0.0,0.066991791,0.488794893,0.238348737,0.082892984,0.78385824,-1.564966679,-1.222350359,0.379032254,,,,,,,102 Central African Republic,6.611111,20.939444,-0.693766594,0.089342162,0.143075466,0.046667274,-0.176131606,-0.420136869,2.277992249,0.063041717,0.102446139,0.107988045,-0.127364188,-0.100280881,0.053396821,-0.033743449,-0.336464167,0.124516726,-0.209874034,0.099488497,4.371766567
20,Chad,TD,TCD,148,15.0,19.0,,103 Chad,Sub-Saharan Africa,15.454166,18.732207,3.667000055,0.038302131,7.624094486,0.706260622,44.14233398,0.539253175,-0.062716626,0.882297575,2.098976374,1.942960024,0.341928661,0.760618269,0.150100246,0.235005915,0.183861569,0.052687205,0.326874167,-1.196557045,-1.319094777,0.239393935,,,,,,,103 Chad,15.454166,18.732207,-0.120661259,0.063728988,0.154084206,0.050258022,0.108384609,0.258536041,2.534339905,0.070135944,0.235602558,0.248347655,-0.059676141,-0.04698633,-0.034938753,0.022079106,0.602370441,0.130730629,0.339518785,0.03327632,3.787661314
21,Chile,CL,CHL,152,-30.0,-71.0,,104 Chile,Latin America and Caribbean,-35.675147,-71.542969,6.670000076,0.05799998,9.970168114,0.858794332,69.7425766,0.734980047,0.127505362,0.762026429,2.098976374,2.67584753,1.107153177,1.124465704,0.858567655,0.441320777,0.33363387,0.128691047,0.325967312,0.694700539,1.430354595,0.160982952,,0.220666662,0.213770002,0.221766666,0.124709077,0.126401633,104 Chile,-35.675147,-71.542969,0.790994167,0.084045306,0.176109314,0.057442002,0.032583117,0.077722386,1.171379089,0.032417033,0.031807184,0.033527818,-0.068006828,-0.053545542,0.082409203,-0.052077461,0.095486239,-0.177222192,-0.175379634,0.110161066,5.879005909
22,China,CN,CHN,156,35.0,105.0,,030 China,East Asia,35.86166,104.195397,5.139999866,0.024238767,9.304759026,0.784289658,68.22540283,0.806748092,-0.192273229,0.921661675,2.098976374,1.86039567,0.890115082,0.946745396,0.816581011,0.516971171,0.081854478,0.027811555,,-1.061000347,-0.305024892,0.577390611,,0.594594598,0.504000008,0.544605792,0.496780038,0.614519,030 China,35.86166,104.195397,0.420154095,0.038430981,0.499038696,0.16277267,0.004174232,0.009957037,0.819274902,0.022672815,-0.046324015,-0.048829947,-0.001922369,-0.001513588,-0.016475141,0.010411259,0.155470252,,-0.002289057,-0.013034612,4.719845771
23,Colombia,CO,COL,170,4.0,-72.0,,105 Colombia,Latin America and Caribbean,4.570868,-74.297333,6.477000237,0.050513268,9.392128944,0.907306373,63.67922211,0.823529422,-0.062529869,0.884653211,2.098976374,2.857372046,0.918612778,1.240184307,0.690768898,0.534660339,0.184008613,0.051198591,0.316104561,-0.757290721,-0.107071295,0.140120968,,,0.10721992,,0.143140495,0.041278295,105 Colombia,4.570868,-74.297333,0.395063877,0.076485015,0.180239677,0.058789212,0.00537914,0.012831173,1.179950714,0.032654248,0.028935671,0.030500969,-0.028337143,-0.022311402,0.05059123,-0.031970493,0.080493703,-0.181129545,0.299351811,0.057067528,6.08193636
24,Costa Rica,CR,CRI,188,10.0,-84.0,,082 Costa Rica,Latin America and Caribbean,9.748917,-83.753428,7.225999832,0.044536155,9.506083488,0.906340837,69.80422211,0.917542577,0.027591037,0.798209369,2.098976374,3.177275658,0.955781579,1.237881064,0.860273659,0.633759201,0.254965812,0.105825692,0.31460163,0.844898283,0.526980281,0.129097328,,,,,,,082 Costa Rica,9.748917,-83.753428,-0.031742096,0.066365011,0.136922836,0.044660453,-0.023292243,-0.055560328,1.101463318,0.030482167,0.01370877,0.014450356,-0.053865083,-0.042410962,-0.009681284,0.006117966,-0.002260348,-0.096558332,0.068393886,0.180240422,7.257741928
25,Croatia,HR,HRV,191,45.1667,15.5,,109 Croatia,Central and Eastern Europe,45.1,15.2,5.758999825,0.043936059,9.894703865,0.721195042,67.19452667,0.561857462,-0.227092102,0.927221537,2.098976374,2.754143238,1.082538843,0.796242177,0.78805232,0.258832991,0.054439653,0.024298072,0.242310807,0.530683577,0.325402975,0.211122215,,,0.228260875,,,,109 Croatia,45.1,15.2,-0.062360287,0.084335685,-0.060214043,-0.019640161,-0.187761486,-0.447878271,1.194763184,0.033064172,-0.104096889,-0.10972809,-0.132732913,-0.104507975,-0.006956697,0.004396197,-0.644294143,-0.142662361,0.04439193,0.056702673,5.821360112
26,Cyprus,CY,CYP,196,35.0,33.0,,111 Cyprus,Western Europe,35.126413,33.429859,5.68900013,0.05580081,10.27973652,0.761833668,72.09119415,0.702155411,0.09289097,0.868416131,2.098976374,1.889306784,1.208125949,0.893179834,0.923563898,0.406720489,0.306380063,0.061459407,0.264260739,0.815807879,1.202901959,0.10040161,,,,,0.098875061,0.075143725,111 Cyprus,35.183333,33.366667,-0.549221992,0.088190749,-0.080125809,-0.02613483,-0.115934074,-0.276544213,1.042945862,0.028862741,-0.133342803,-0.140556082,0.07949964,0.062594466,0.157319009,-0.099415772,-0.45119369,-0.400466591,0.044917047,0.042483807,6.238222122
27,Czech Republic,CZ,CZE,203,49.75,15.5,,021 Czech Republic,Central and Eastern Europe,49.817492,15.472962,6.505000114,0.041683476,10.19038486,0.893157661,69.24623108,0.756157041,-0.160518035,0.923705935,2.098976374,2.677818537,1.1789819,1.206434488,0.844831705,0.463643372,0.106857106,0.026519712,0.250791132,0.984445989,0.803689241,0.273044348,,0.302275181,0.285191953,,,,021 Czech Republic,49.817492,15.472962,0.034340382,0.06467168,0.048504829,0.015820939,-0.015189528,-0.036232457,1.716644287,0.047506835,-0.075267076,-0.079338707,-0.095590413,-0.075263627,0.009299219,-0.005876524,-0.133383542,-0.025989026,0.039804637,-0.006872356,6.470659732
28,Denmark,DK,DNK,208,56.0,10.0,,025 Denmark,Western Europe,56.26392,9.501785,7.52699995,0.033283256,10.63952065,0.957779527,70.32339478,0.932365298,0.137351438,0.200448066,2.098976374,2.492041588,1.3254776,1.360580802,0.874641359,0.649383724,0.341386229,0.483573467,0.465452701,1.299622893,2.000510931,0.667515278,,,,,,,025 Denmark,56.26392,9.501785,-0.399199486,0.049538456,-0.04281044,-0.013963586,-0.005408585,-0.01290141,2.05582428,0.05689339,-0.019165218,-0.020201975,-0.094722852,-0.07458055,-0.020080879,0.01268986,-0.05206427,-0.164299637,-0.051343679,-0.121888161,7.926199436
29,Dominican Republic,DO,DOM,214,19.0,-70.6667,,114 Dominican Republic,Latin America and Caribbean,18.735693,-70.162651,4.885000229,0.074460134,9.320871353,0.878730476,62.86550903,0.863431692,-0.020835144,0.740419924,2.098976374,1.213052034,0.895370483,1.172020555,0.668250024,0.576721132,0.216837183,0.142344996,0.499074668,0.144083738,-0.557045341,0.143935576,,,0.25179857,,,,114 Dominican Republic,18.735693,-70.162651,-0.200025558,0.105169721,0.222484589,0.072568342,-0.00486058,-0.011594221,1.134223938,0.031388793,-0.009794593,-0.010324439,-0.040780388,-0.032108657,-0.023879945,0.015090631,0.065020449,-0.057606131,0.173214629,-0.02368784,5.085025787
30,Ecuador,EC,ECU,218,-2.0,-77.5,,115 Ecuador,Latin America and Caribbean,-1.831239,-78.183406,5.974999905,0.045281265,9.224761963,0.806208849,67.29204559,0.77712214,-0.149657205,0.679414034,2.098976374,2.539424658,0.864022255,0.99903053,0.7907511,0.485742599,0.115408435,0.180896908,0.635505557,-0.466731131,-0.841255665,0.128309578,,,,,,0.071606994,115 Ecuador,-1.831239,-78.183406,0.965203285,0.069946885,0.166129112,0.054186735,-0.068803787,-0.164121628,1.389602661,0.038456205,0.106067657,0.111805469,-0.069724321,-0.054897819,-0.185903847,0.1174796,0.102908567,0.337736815,0.106480539,0.085625887,5.00979662
31,Egypt,EG,EGY,818,27.0,30.0,,002 Egypt,Middle East and North Africa,26.820553,30.802498,4.193999767,0.032603744,9.279253006,0.70055151,61.01789093,0.480315715,-0.152834252,0.86559093,2.098976374,1.599271536,0.881795764,0.746999979,0.617118597,0.172880188,0.11290697,0.06324476,0.561632574,-1.109443903,-0.570723176,0.255919009,,,,0.374666661,0.185012802,0.2150089,002 Egypt,26.820553,30.802498,-1.231221676,0.06895896,0.172765732,0.05635142,-0.063412786,-0.151262164,1.200305939,0.033217564,-0.228187233,-0.240531191,-0.018073916,-0.014230595,0.062476039,-0.039480947,-0.355935901,,-0.220059037,-0.188520521,5.425221443
32,El Salvador,SV,SLV,222,13.8333,-88.9167,,116 El Salvador,Latin America and Caribbean,13.794185,-88.89653,6.130000114,0.056183405,8.919775963,0.817125499,63.19488144,0.699097991,-0.16043222,0.779320002,2.098976374,3.034996748,0.764544249,1.025070667,0.677365124,0.403497666,0.106924668,0.117762588,0.3351942,0.065601237,-0.237354875,0.171385244,,,0.141148329,,,,116 El Salvador,13.794185,-88.89653,0.633502007,0.076297529,0.028330803,0.009240727,0.020871699,0.049786463,1.195690155,0.033089824,0.037625492,0.039660871,-0.113288522,-0.089198329,-0.014096975,0.008908407,0.051487964,-0.029291779,0.071618333,0.027945191,5.496498107
33,Estonia,EE,EST,233,59.0,26.0,,119 Estonia,Central and Eastern Europe,58.595272,25.013607,5.428999901,0.04013012,10.10687923,0.902161717,66.67274475,0.742147267,-0.185988992,0.725389659,2.098976374,1.587823391,1.151744604,1.227912426,0.77361238,0.448875725,0.086802408,0.15184319,0.316072315,0.843728006,1.118130445,0.3237288,,,0.21057786,,,0.389869928,119 Estonia,58.595272,25.013607,0.077068806,0.055876702,0.020789146,0.006780847,-0.002903342,-0.006925509,3.368133545,0.093210556,0.012684107,0.013370263,0.070913166,0.055833861,-0.044439018,0.028082678,0.190352693,-0.117527217,0.007221103,0.020344138,5.351931095
34,Finland,FI,FIN,246,64.0,26.0,,121 Finland,Western Europe,61.92411,25.748151,7.406000137,0.031396613,10.53151321,0.940038919,70.84624481,0.92506963,0.000337604,0.310989916,2.098976374,2.619551182,1.290248513,1.318263054,0.889110863,0.641693413,0.233507648,0.413717896,0.492511153,1.501621962,2.049443245,0.596579492,0.571719229,,0.479229987,,0.580378592,,121 Finland,61.92411,25.748151,-0.266356468,0.057037,-0.02627182,-0.008569144,-0.024273574,-0.057901155,1.411193848,0.039053727,-0.046547353,-0.04906537,0.012059789,0.00949534,0.179962382,-0.113724969,-0.180711567,-0.268254638,-0.053749919,0.024042368,7.672356605
35,France,FR,FRA,250,46.0,2.0,,013 France,Western Europe,46.227638,2.213749,6.574999809,0.035119563,10.49329662,0.915770888,72.8941803,0.838186443,-0.139613584,0.638963819,2.098976374,2.211257458,1.277783275,1.260375142,0.94578594,0.550110221,0.123316333,0.206458911,0.358193338,0.886421561,1.323289037,0.220183492,,,,,0.187642321,,013 France,46.227638,2.213749,-0.238063812,0.055605818,0.002796173,0.000912035,-0.027936518,-0.066638581,2.194190979,0.060722582,0.002332568,0.00245875,-0.25688073,-0.202256426,-0.055375457,0.034993824,-0.169807822,0.011854053,-0.036469936,-0.095048666,6.813063621
36,Georgia,GE,GEO,268,42.0,43.5,,072 Georgia,Commonwealth of Independent States,42.315407,43.356892,4.296999931,0.04220647,8.850348473,0.549051821,65.07022858,0.701257527,-0.225787327,0.35911262,2.098976374,1.595407963,0.741898894,0.385619074,0.729263961,0.405774027,0.055466976,0.383307368,0.592612624,-0.344768167,0.366634697,0.161025643,,,0.17679283,,0.176588625,,072 Georgia,42.315407,43.356892,0.605598211,0.060991175,0.248670578,0.081109487,-0.064291298,-0.153357729,0.800430298,0.022151306,0.177543461,0.187147811,0.018372551,0.014465727,-0.374484181,0.236650571,0.388167173,0.173033655,0.119695127,0.618994713,3.69140172
37,Germany,DE,DEU,276,51.0,9.0,,014 Germany,Western Europe,51.165691,10.451526,6.75,0.018484376,10.64701748,0.932119012,70.94553375,0.89953202,0.06210402,0.620022953,2.098976374,2.115690708,1.327922821,1.299371243,0.891858637,0.614774346,0.282139778,0.218428358,0.57048887,1.077420115,1.632043123,0.326572001,,,0.321322799,,0.343591362,0.447487652,014 Germany,51.165691,10.451526,0.241688728,0.046296477,0.094052315,0.030677272,-0.020244002,-0.048289184,1.469215393,0.040659428,0.077274024,0.081454225,-0.096629351,-0.076081641,-0.167413235,0.105794691,0.134214789,0.232891798,-0.097336888,-0.032735586,6.508311272
38,Ghana,GH,GHA,288,8.0,-2.0,,040 Ghana,Sub-Saharan Africa,7.946527,-1.023194,4.632999897,0.047416355,8.248454094,0.672270358,53.2201004,0.717999041,-0.003012762,0.896755815,2.098976374,2.309186935,0.545577586,0.679539323,0.401320606,0.423421174,0.23086971,0.043550503,0.469011426,0.2566697,-0.019088626,0.16106014,,,,,0.084801041,0.050309442,040 Ghana,7.946527,-1.023194,-0.242806435,0.087996066,0.361832142,0.11801967,-0.056333065,-0.134374499,1.474674225,0.040810499,-0.151853979,-0.160068631,-0.186765969,-0.147051185,0.102254152,-0.06461823,-0.34728238,-0.214582801,0.056188747,0.038750209,4.875806332
39,Greece,GR,GRC,300,39.0,22.0,,024 Greece,Western Europe,39.074208,21.824312,4.856999874,0.050623585,10.11398029,0.776989996,70.59382629,0.3893435,-0.296234518,0.943570375,2.098976374,1.80101037,1.154060721,0.929333091,0.882125378,0.076986767,0.0,0.013966628,0.1527946,0.2112225,0.23618342,0.168516651,,,,,,,024 Greece,39.074208,21.824312,-1.469235897,0.077672027,-0.205138206,-0.066910431,-0.045994103,-0.109712377,1.049720764,0.029050231,-0.266306281,-0.280712336,-0.099484727,-0.078329831,0.09158051,-0.057873152,-0.564487875,-0.281096816,-0.557107568,-0.437436581,6.326235771
40,Guatemala,GT,GTM,320,15.5,-90.25,,124 Guatemala,Latin America and Caribbean,15.783471,-90.230759,6.123000145,0.052238803,8.86149025,0.824877322,61.99829483,0.864009023,0.052893307,0.815782666,2.098976374,2.742553711,0.745533049,1.043561459,0.644250512,0.577329695,0.274887681,0.094720468,0.446605653,-0.521341026,-0.663049698,0.157000005,,,,,0.149302989,,124 Guatemala,15.783471,-90.230759,0.009823322,0.073143095,0.039883614,0.013008935,-0.02338928,-0.055791795,1.728820801,0.047843814,0.218346655,0.230158284,-0.09392339,-0.073951088,0.06368047,-0.040242072,0.121026076,0.103272408,-0.006364882,0.007149816,6.113176823
41,Haiti,HT,HTI,332,19.0,-72.4167,,128 Haiti,Latin America and Caribbean,18.971187,-72.285215,4.518000126,0.07330738,7.39355135,0.698881328,52.75584412,0.548023701,0.290374666,0.693881452,2.098976374,2.241728544,0.266731858,0.743016005,0.388472646,0.244250894,0.461869895,0.171754405,0.361601919,-0.794142842,-1.291967392,0.308008224,,,,,,,128 Haiti,18.971187,-72.285215,0.76366806,0.110372044,0.031039238,0.010124144,0.004328549,0.010325137,2.599472046,0.071938433,0.099138439,0.104501411,-0.110881358,-0.087303035,-0.158932328,0.100435287,0.210021377,0.006352484,0.403356075,0.001788259,3.754332066
42,Honduras,HN,HND,340,15.0,-86.5,,129 Honduras,Latin America and Caribbean,15.199999,-86.241905,4.788000107,0.056476213,8.400954247,0.787114561,63.83577728,0.697187304,-0.003769332,0.857674539,2.098976374,1.844075203,0.595318913,0.95348382,0.69510144,0.401483625,0.230274037,0.068247423,0.279996783,-0.45410049,-0.756627262,0.128323108,,,,,,,129 Honduras,15.199999,-86.241905,-0.457531929,0.084498815,0.055104256,0.017973488,-0.087281227,-0.208196938,1.711910248,0.047375828,0.036351979,0.038318466,-0.165567294,-0.130360305,0.02364558,-0.014942527,-0.249831989,-0.106050164,-0.039967149,-0.091394484,5.245532036
43,Hong Kong,HK,HKG,344,22.25,114.1667,,027 Hong Kong,East Asia,22.396428,114.109497,5.473999977,0.050512958,10.82519627,0.831005275,75.33320618,0.881796002,0.205162376,0.378210962,2.098976374,0.654292583,1.386039853,1.058178902,1.013284087,0.596078873,0.394777536,0.37123841,0.45793879,0.801025033,1.758916497,0.343406588,,,,,0.403354645,0.483383685,027 Hong Kong,22.396428,114.109497,-0.037296772,0.090944119,0.14393425,0.046947386,0.016058743,0.038305845,1.049079895,0.029032495,-0.027016103,-0.028477561,0.066202819,0.052125145,0.024048388,-0.015197077,0.12273623,-0.205740273,-0.029001951,-0.027868032,5.511296749
44,Hungary,HU,HUN,348,47.0,20.0,,020 Hungary,Central and Eastern Europe,47.162494,19.503304,4.800000191,0.061071966,10.01245022,0.891359627,66.14646912,0.620951176,-0.133663744,0.922032177,2.098976374,1.240735769,1.1209445,1.202145576,0.759048104,0.321123451,0.128000975,0.027577423,0.269037426,0.694515705,0.615740836,0.134673372,0.331434399,,0.22461538,,0.288842171,,020 Hungary,47.162494,19.503304,-0.275990486,0.083739571,-0.010209084,-0.003329922,-0.038562238,-0.091984726,1.997497559,0.05527924,0.002027154,0.002136814,0.03713727,0.02924023,0.0227741,-0.014391807,-0.02305017,-0.035991549,-0.285027385,-0.250019014,5.075990677
45,India,IN,IND,356,20.0,77.0,,031 India,South Asia,20.593684,78.96288,4.565000057,0.020429779,8.553243637,0.547424018,57.33843994,0.693752706,0.040021516,0.831295848,2.098976374,2.275130272,0.644991517,0.381736189,0.515292525,0.397863209,0.264752984,0.084917106,0.580013335,-0.446446925,-0.330918878,0.208023772,,0.335200012,0.328431368,0.388611376,0.206896558,0.321496308,031 India,20.593684,78.96288,-0.589257717,0.04682257,0.320619583,0.104577266,-0.078942895,-0.188307032,1.495826721,0.041395877,-0.05504185,-0.058019381,0.103346087,0.0813701,-0.027478874,0.017364928,-0.001618242,-0.172855139,-0.120409578,-0.211721748,5.154257774
46,Indonesia,ID,IDN,360,-5.0,120.0,,010 Indonesia,Southeast Asia,-0.789275,113.921327,5.399000168,0.025956778,9.11515522,0.843119502,61.77002335,0.758497059,0.358301342,0.965671659,2.098976374,1.863987923,0.828271568,1.087075591,0.637933254,0.466109961,0.515352368,0.0,0.670376956,-0.272341639,-0.454777509,0.246349499,,,,0.456999987,0.410996199,,010 Indonesia,-0.789275,113.921327,0.380047321,0.04726477,0.272802353,0.088980608,0.105373263,0.251352906,1.276615143,0.035329361,0.096737266,0.101970345,0.036423057,0.02867789,0.02823633,-0.017843593,0.488467515,0.105768979,0.470313221,0.107128292,5.018952847
47,Iran,IR,IRN,364,32.0,53.0,,026 Iran,Middle East and North Africa,32.427908,53.688046,4.68599987,0.044491522,9.668617249,0.615646005,63.94233704,0.601222098,0.187480807,0.872899294,2.098976374,1.694404364,1.008795619,0.544470012,0.698050439,0.300327092,0.380855858,0.058626331,0.718057334,-1.447562456,-0.921161115,,,,,0.554280698,0.105361827,,026 Iran,32.427908,53.688046,-0.635023117,0.066806525,0.133599281,0.043576404,-0.12898016,-0.307663798,1.857868195,0.051415101,0.002883613,0.003039604,0.154210642,0.12141858,0.129554987,-0.081870645,-0.17008476,0.191708148,-0.250413418,-0.077061176,5.321022987
48,Ireland,IE,IRL,372,53.0,-8.0,,132 Ireland,Western Europe,53.41291,-8.24389,6.940000057,0.036761377,10.67164707,0.961508632,71.07107544,0.90237534,0.286741734,0.51146704,2.098976374,1.97569561,1.335956335,1.36947608,0.895332873,0.617771447,0.459009469,0.287028909,0.386746526,1.122856259,1.56607604,0.352941185,,,,,,,132 Ireland,53.41291,-8.24389,-0.203975677,0.084209807,-0.093008041,-0.030336659,-0.004899561,-0.011687206,1.612510681,0.044625018,-0.04334867,-0.045693651,0.051758125,0.040752038,0.041471004,-0.02620708,-0.02854754,-0.244719565,-0.216418266,-0.112748027,7.143975734
49,Israel,IL,ISR,376,31.5,34.75,,038 Israel,Middle East and North Africa,31.046051,34.851612,7.277999878,0.034696102,10.34241581,0.90049237,71.74086761,0.708291948,0.125072718,0.842475355,2.098976374,3.088542461,1.228570104,1.223930478,0.913868845,0.413188964,0.331718504,0.077852353,0.41238004,-0.226072744,1.039510012,0.273190618,,,,0.230252102,,,038 Israel,31.046051,34.851612,0.26899147,0.060412198,0.13034153,0.042513814,0.0026353,0.006286133,1.032058716,0.028561447,-0.044317186,-0.046714559,-0.089008436,-0.070081271,-0.044465601,0.028099477,-0.011334959,0.130034655,0.061761186,0.063614368,7.009008408
50,Italy,IT,ITA,380,42.8333,12.8333,,018 Italy,Western Europe,41.87194,12.56738,5.947999954,0.039143045,10.41160202,0.889527261,73.20764923,0.565201104,-0.006363058,0.919770896,2.098976374,2.025178432,1.25113678,1.197774768,0.954460979,0.262357533,0.228231847,0.02900641,0.264844716,0.695747316,0.369326383,0.230769232,,,,,0.282520324,,018 Italy,41.87194,12.56738,-0.764193058,0.065629631,-0.088308334,-0.028803743,-0.031644285,-0.075482935,1.912666321,0.052931599,-0.178095341,-0.187729552,-0.11467845,-0.090292692,-0.012061357,0.007622023,-0.32175529,-0.010948807,-0.069002271,-0.166459471,6.712193012
51,Jamaica,JM,JAM,388,18.25,-77.5,,135 Jamaica,Latin America and Caribbean,18.109581,-77.297508,5.709000111,0.136933535,9.06029129,0.869927585,63.5576973,0.79483813,-0.026594903,0.929296434,2.098976374,2.320375919,0.810376465,1.151022434,0.687405825,0.504416943,0.212302193,0.022986867,0.292708665,0.26666531,-0.140704244,,,,,,,,135 Jamaica,18.109581,-77.297508,-0.498995304,0.163206086,-0.039601326,-0.012916861,-0.039310992,-0.093770772,1.498390198,0.041466821,0.057628274,0.06074572,-0.019276455,-0.01517742,-0.017706156,0.011189182,-0.008463331,0.11884667,0.122013122,-0.024747163,6.207995415
52,Japan,JP,JPN,392,36.0,138.0,,029 Japan,East Asia,36.204824,138.252924,5.986999989,0.035811365,10.47168922,0.914404511,74.53201294,0.786992908,-0.160268679,0.679879904,2.098976374,1.684350967,1.270735621,1.257115841,0.991111696,0.496147335,0.107053436,0.180602506,0.305417091,1.011131525,1.363387704,0.365853667,0.407622576,0.375865489,,0.396475762,0.3658759,0.359394193,029 Japan,36.204824,138.252924,-0.37992239,0.055893712,0.019433022,0.006338516,-0.018707097,-0.044623114,1.106124878,0.030611172,-0.042571485,-0.044874422,-0.056406707,-0.044412125,-0.07998693,0.050546736,-0.046413239,0.014027148,0.025773883,0.061946392,6.366922379
53,Jordan,JO,JOR,400,31.0,36.0,,006 Jordan,Middle East and North Africa,30.585164,36.238414,5.191999912,0.045244467,9.341126442,0.829220474,63.88249588,0.702051938,-0.155857444,0.739490986,2.098976374,1.879955769,0.901977181,1.053921461,0.696394384,0.406611413,0.110526644,0.142932028,,-0.622341871,0.145901039,0.094949491,,,,0.274104685,0.30873093,0.132499993,006 Jordan,30.585164,36.238414,-0.749302864,0.065535553,0.147902489,0.048241716,-0.052290022,-0.124730401,0.918395996,0.025415918,0.055972815,0.059000708,-0.035792083,-0.028181089,0.072621465,-0.045892224,-0.066145375,,-0.111095786,-0.144298777,5.941302776
54,Kazakhstan,KZ,KAZ,398,48.0,68.0,,073 Kazakhstan,Commonwealth of Independent States,48.019573,66.923684,5.855000019,0.041137066,10.01734543,0.85793215,61.97776413,0.806289375,-0.146020964,0.831896722,2.098976374,2.247287273,1.122541189,1.122409105,0.643682361,0.516487658,0.118271448,0.084537387,0.661547601,-0.762082458,-0.593612194,0.339229971,,,,,,0.383327454,073 Kazakhstan,48.019573,66.923684,0.258227825,0.062629357,0.233181,0.076057211,-0.011045277,-0.026346935,3.449039459,0.095449567,0.051584303,0.054374795,0.125976428,0.099188216,-0.032951117,0.020823045,0.319545895,-0.063660026,-0.376057357,0.079493523,5.596772194
55,Kenya,KE,KEN,404,1.0,38.0,,036 Kenya,Sub-Saharan Africa,-0.023559,37.906193,4.419000149,0.047335539,7.693935394,0.806096613,53.69089508,0.716796398,0.180582553,0.873276055,2.098976374,1.785548925,0.364708841,0.998762786,0.414349496,0.422153473,0.375424474,0.058388241,0.548849225,-0.796030998,-0.704258561,0.107321963,,,,,,,036 Kenya,-0.023559,37.906193,0.128286362,0.073088557,0.092508316,0.030173663,-0.065866232,-0.157114506,4.950737,0.137007922,0.026871145,0.02832476,0.154800698,0.121883161,0.037479699,-0.023684824,0.136590183,0.019579113,-0.08967191,-0.047500134,4.290713787
56,South Korea,KR,KOR,410,37.0,127.5,,068 South Korea,East Asia,35.907757,127.766922,5.984000206,0.040978096,10.39157867,0.78889966,73.60205841,0.631349921,-0.060552526,0.84134084,2.098976374,2.21977663,1.24460578,0.957741916,0.9653759,0.332084715,0.185565487,0.0785693,0.304554343,0.428451836,0.879782498,0.26161617,0.380174279,0.341741264,0.302642107,0.273333341,0.282497466,0.265923262,068 South Korea,35.907757,127.766922,0.444025993,0.088681303,0.174750328,0.056998741,-0.013183415,-0.031447157,2.268783569,0.062786877,-0.054868937,-0.057837114,0.005226593,0.004115187,0.041658163,-0.026325352,0.008291181,0.073439822,-0.133639216,0.046110272,5.539974213
57,Kuwait,KW,KWT,414,29.3375,47.6581,,137 Kuwait,Middle East and North Africa,29.31166,47.481766,6.295000076,0.044564035,11.3408041,0.876179516,64.91339874,0.84281826,-0.090129994,0.560423911,2.098976374,1.876338959,1.554216862,1.165935636,0.72492379,0.554992616,0.162277505,0.256091207,,-0.222025946,0.024701891,0.113490365,,,,,,0.291536063,137 Kuwait,29.31166,47.481766,0.219229221,0.073038399,-0.189639091,-0.061855044,-0.043623924,-0.104058653,0.560264587,0.0155049,0.075713098,0.079808854,0.193213224,0.152127475,0.244956642,-0.154797271,-0.07326974,,-0.150190204,-0.399083525,6.075770855
58,Kyrgyzstan,KG,KGZ,417,41.0,75.0,,074 Kyrgyzstan,Commonwealth of Independent States,41.20438,74.766098,5.285999775,0.038229428,8.02986145,0.869982958,62.23798752,0.728769124,0.0851717,0.898709774,2.098976374,2.23270154,0.474278659,1.151154518,0.650883853,0.434773892,0.300302237,0.042315722,0.435237288,-0.76395762,-0.811447918,0.345872521,,,,0.165867686,,0.377253801,074 Kyrgyzstan,41.20438,74.766098,0.616909027,0.055082906,0.203219891,0.066284724,0.029737055,0.070933506,2.32491684,0.064340323,0.047734141,0.050316356,0.178109199,0.14023523,0.003763378,-0.002378219,0.389731914,-0.04088968,0.237498403,0.160302699,4.669090748
59,Laos,LA,LAO,418,18.0,105.0,,053 Laos,Southeast Asia,19.85627,102.495496,4.875999928,0.066977888,8.386667252,0.696789563,58.55966568,0.881633818,0.23962976,0.581939816,2.098976374,1.737992525,0.590658903,0.738026381,0.549089015,0.595907927,0.421915621,0.242494509,,-0.770675361,-0.895963013,,,,,,,,053 Laos,19.85627,102.495496,-0.343725204,0.07145448,0.312389374,0.101892799,-0.101685882,-0.242557183,2.209709167,0.061152037,-0.014466822,-0.015249416,-0.226867482,-0.17862533,-0.052523375,0.033191487,-0.240195602,,0.176806867,0.249596179,5.219725132
60,Latvia,LV,LVA,428,57.0,25.0,,138 Latvia,Central and Eastern Europe,56.879635,24.603189,5.09800005,0.046399131,9.988462448,0.84670198,64.89342499,0.597793043,-0.064748697,0.865469456,2.098976374,1.622154713,1.113120317,1.095621109,0.724371076,0.296712548,0.182261601,0.063321523,0.212055981,0.5865646,0.686938226,0.136094674,,,0.239166662,,,,138 Latvia,56.879635,24.603189,0.409581661,0.060278479,0.010343552,0.003373781,-0.01417762,-0.033818692,2.578094482,0.071346819,-0.074113727,-0.078122966,0.142591357,0.112270072,-0.064600945,0.040823754,0.115872771,-0.075495899,-0.177235961,0.060834229,4.688418389
61,Lebanon,LB,LBN,422,33.8333,35.8333,,004 Lebanon,Middle East and North Africa,33.854721,35.862285,4.839000225,0.043371182,9.720262527,0.722774923,69.05265045,0.638060689,-0.018669959,0.893160641,2.098976374,1.570594788,1.025640845,0.8000108,0.839474499,0.339158505,0.21854195,0.045822427,0.244044319,-1.031683207,-0.520552754,0.069069073,,,,,,0.098333336,004 Lebanon,33.854721,35.862285,-0.231520176,0.070382044,0.309904099,0.101082176,-0.101794004,-0.242815092,2.351173401,0.065066949,-0.048648715,-0.051280405,-0.085405052,-0.067244127,-0.030474246,0.019257817,-0.175932676,-0.157366678,0.000338912,-0.067321807,5.070520401
62,Liberia,LR,LBR,430,6.5,-9.5,,140 Liberia,Sub-Saharan Africa,6.428055,-9.429499,4.571000099,0.110683359,6.794080734,0.718442142,51.07692719,0.586973429,0.01318133,0.867055357,2.098976374,2.777285576,0.071201064,0.789675534,0.342009902,0.285307646,0.243620232,0.062319335,0.353256166,-0.41743052,-0.931348741,0.120361082,,,,,,,140 Liberia,6.428055,-9.429499,0.870018005,0.130185738,0.475797653,0.155192077,0.125146806,0.29851988,3.112613678,0.086139239,-0.203172147,-0.214162901,-0.167734742,-0.132066846,0.090883315,-0.05743257,0.13618888,-0.378408372,0.353257537,0.153276742,3.700982094
63,Lithuania,LT,LTU,440,56.0,24.0,,143 Lithuania,Central and Eastern Europe,55.169438,23.881275,5.833000183,0.038429063,10.09305096,0.914543092,65.14296722,0.518777668,-0.262695521,0.94934988,2.098976374,2.446493149,1.147234201,1.257446408,0.731276929,0.213422775,0.02640711,0.010314343,0.288670272,0.827191174,0.762601376,0.240165636,,,0.213082254,,,,143 Lithuania,55.169438,23.881275,-0.049542904,0.058107659,0.129957199,0.042388454,-0.020536244,-0.048986286,2.796657562,0.077395394,-0.060720801,-0.064005539,0.033041567,0.026015455,-0.017363787,0.010972827,0.043780304,0.055720925,0.005003631,0.13057965,5.882543087
64,Macedonia,MK,MKD,807,41.8333,22.0,,145 Macedonia,Central and Eastern Europe,41.608635,21.745275,5.006999969,0.053758938,9.391802788,0.807589412,65.2935791,0.633710921,-0.012261267,0.881372929,2.098976374,1.739330292,0.918506384,1.002323627,0.735445023,0.334573418,0.223587856,0.053271525,0.415715933,-0.22233814,0.014381148,0.112728506,,,0.075376883,0.130687699,,,145 Macedonia,41.608635,21.745275,0.513439655,0.098330118,0.116186142,0.037896715,-0.002240002,-0.005343206,0.749961853,0.02075463,0.194447786,0.20496659,-0.088618286,-0.069774084,0.011803627,-0.007459154,0.181041494,0.011451036,0.118854314,0.283291072,4.493560314
65,Madagascar,MG,MDG,450,-20.0,47.0,,043 Madagascar,Sub-Saharan Africa,-18.766947,46.869107,3.680999994,0.036327563,7.214238644,0.667438149,55.60094833,0.498301804,-0.025285151,0.837115884,2.098976374,1.851003051,0.208244994,0.668012798,0.467208773,0.191839248,0.213333443,0.081239209,0.419568598,-0.707587659,-0.790185988,,,,,,,,043 Madagascar,-18.766947,46.869107,-0.298869848,0.063302808,-0.051771164,-0.016886327,-0.043696582,-0.104231969,2.644226074,0.073176965,0.16586569,0.174838319,0.0077071,0.006068227,0.063492477,-0.040123273,0.092841946,-0.294129372,-0.656233013,-0.524181008,3.979869842
66,Malawi,MW,MWI,454,-13.5,34.0,,044 Malawi,Sub-Saharan Africa,-13.254308,34.301525,4.291999817,0.061301533,6.624955654,0.559834063,46.8711853,0.724750102,0.124512605,0.855265796,2.098976374,2.807907104,0.016037127,0.411338568,0.225619152,0.430537462,0.331277519,0.069769599,0.578113914,-0.11823047,-0.476412445,0.341341347,,,,,,,044 Malawi,-13.254308,34.301525,-0.068452835,0.084359869,0.191563129,0.06248261,-0.016626835,-0.039660946,4.17848587,0.115636446,-0.113749385,-0.119902745,-0.098778807,-0.077774025,0.171891153,-0.108624451,-0.167843103,-0.148961246,0.009440683,0.025302082,4.360452652
67,Malaysia,MY,MYS,458,2.5,112.5,,146 Malaysia,Southeast Asia,4.210484,101.975766,5.769999981,0.043295804,10.02445984,0.83605814,64.87776184,0.819335401,0.123845533,0.799506307,2.098976374,1.885408401,1.124861717,1.070231795,0.723937571,0.530239403,0.330752313,0.105006106,0.718923748,-0.171654016,0.591264844,0.106905371,,,,,0.088259786,0.085384615,146 Malaysia,4.210484,101.975766,-0.366400719,0.057960659,0.171364784,0.055894468,-0.032393336,-0.077269688,0.938415527,0.025969943,-0.021717072,-0.022891873,0.00023485,0.00018491,0.02820307,-0.017822577,-0.035934817,-0.047582448,-0.136300251,-0.04925853,6.1364007
68,Mali,ML,MLI,466,17.0,-4.0,,061 Mali,Sub-Saharan Africa,17.570692,-3.996166,3.994999886,0.056019556,7.375196457,0.821398139,46.15608597,0.684941113,-0.05748361,0.770213306,2.098976374,1.792929888,0.260744989,1.035262465,0.205829322,0.388574958,0.187981814,0.123517446,0.545822263,-1.262135506,-0.716403842,0.465794772,,,,,0.171557561,,061 Mali,17.570692,-3.996166,-0.019234896,0.078401431,0.02289629,0.007468138,0.060036182,0.143207759,2.371295929,0.065623827,0.130315363,0.137364879,-0.000158466,-0.000124769,0.00813818,-0.005142821,0.348397017,-0.101640403,-1.509016991,-0.289715588,4.014234782
69,Mauritania,MR,MRT,478,20.0,-12.0,,062 Mauritania,Sub-Saharan Africa,21.00789,-10.940835,4.43599987,0.039469153,7.967893124,0.75172925,51.68142319,0.546195149,-0.018092966,0.689360321,2.098976374,2.117734194,0.454066306,0.869077206,0.358738869,0.242323428,0.218996257,0.174611479,0.420158863,-1.03433764,-0.757874131,0.286014736,,,,,,,062 Mauritania,21.00789,-10.940835,0.286504745,0.075344361,0.06054306,0.019747477,0.068199337,0.162679806,0.751396179,0.020794323,-0.018660545,-0.019670002,0.014899565,0.011731253,0.103474021,-0.065389104,0.12989375,-0.109548986,-0.555476844,-0.197154939,4.149495125
70,Mexico,MX,MEX,484,23.0,-102.0,,034 Mexico,Latin America and Caribbean,23.634501,-102.552784,7.186999798,0.041763783,9.704608917,0.770774841,68.1481781,0.773391962,-0.117483959,0.628418803,2.098976374,3.602143288,1.020535111,0.914507747,0.814443886,0.481810629,0.140740216,0.213122711,0.360688418,-0.289740771,-0.043621249,0.276200324,0.176534802,0.305610567,0.294242173,0.207957417,0.154983923,0.124062032,034 Mexico,23.634501,-102.552784,0.634459019,0.071183488,0.063782692,0.020804156,-0.120371103,-0.287128121,1.380447388,0.038202841,0.031658053,0.033370622,-0.018444113,-0.014522072,-0.127815425,0.080771349,-0.128501222,-0.062109619,-0.053052917,0.017184418,6.552540779
71,Moldova,MD,MDA,498,47.0,29.0,,075 Moldova,Commonwealth of Independent States,47.411631,28.369885,5.888999939,0.037990727,8.398367882,0.813019156,61.05904007,0.627644598,-0.030135214,0.940116942,2.098976374,3.107121944,0.594475329,1.015275598,0.618257344,0.328178942,0.209514722,0.016148983,0.17703855,-0.031471893,-0.405682862,0.127615064,,,0.218495935,0.141357049,0.175908223,,075 Moldova,47.411631,28.369885,0.950220108,0.059212543,0.228868484,0.074650593,0.004652023,0.011096739,0.675476074,0.018693291,0.024674654,0.026009448,0.096170381,0.075720266,0.013116002,-0.008288492,0.197881848,-0.197763294,0.298336267,0.151468694,4.938779831
72,Mongolia,MN,MNG,496,46.0,105.0,,153 Mongolia,East Asia,46.862496,103.846656,4.874000072,0.033126108,9.114892006,0.932632506,60.49633408,0.730179667,0.125812963,0.923489034,2.098976374,1.347594738,0.828185737,1.300596118,0.602684855,0.43626073,0.332301378,0.026656779,0.337084681,0.234245032,-0.424964756,0.141547859,,,,,,,153 Mongolia,46.862496,103.846656,0.265221119,0.070766442,0.428977966,0.139920786,0.051930189,0.123872072,1.358325958,0.037590649,-0.049331963,-0.052000612,0.061813481,0.048669178,0.005698085,-0.003600833,0.294451237,-0.04904446,-0.227839768,-0.00273338,4.608778953
73,Montenegro,ME,MNE,499,42.0,19.0,,154 Montenegro,Central and Eastern Europe,42.783333,19.466667,5.191999912,0.052353464,9.563103676,0.767028749,64.92379761,0.489533782,-0.091248989,0.739453733,2.098976374,2.100166321,0.974380016,0.905571997,0.72521162,0.182596922,0.161396459,0.142955571,0.384199589,0.393985897,0.00894536,0.216757119,,,0.304166675,0.329245269,,,154 Montenegro,42.783333,19.466667,-0.004036427,0.126001477,0.066952705,0.021838127,-0.069687426,-0.166229427,0.73248291,0.020270912,-0.02923739,-0.030819008,0.04293254,0.033803165,-0.077964008,0.049268376,-0.071867853,-0.11318931,0.201220632,0.216041759,5.196036339
74,Mozambique,MZ,MOZ,508,-18.25,35.0,,063 Mozambique,Sub-Saharan Africa,-18.665695,35.529562,4.971000195,0.078955136,6.830506802,0.817624569,42.01796722,0.639206827,-0.013400467,0.718758941,2.098976374,3.051367521,0.083082244,1.026261091,0.091310002,0.340366632,0.22269091,0.156033382,0.629928231,0.082695656,-0.571813405,,,,,,,,063 Mozambique,-18.665695,35.529562,0.258563519,0.089100949,0.185426235,0.060480926,0.002518773,0.006008174,1.158660889,0.032065067,-0.02574861,-0.027141502,-0.082868226,-0.065246746,-0.08443141,0.05335537,0.059521288,0.052377045,-0.041161917,-0.008397639,4.712436676
75,Nepal,NP,NPL,524,28.0,84.0,,157 Nepal,South Asia,28.394857,84.124008,4.513999939,0.036067113,7.679401398,0.749808073,59.26979446,0.6794855,0.113942973,0.872201622,2.098976374,1.956372499,0.359968245,0.864494503,0.568741322,0.382824212,0.322955459,0.059067216,0.480544895,-1.040697694,-0.854044974,0.16260162,,,,,,,157 Nepal,28.394857,84.124008,-0.143413067,0.056668095,0.206243038,0.067270793,-0.080572069,-0.192193195,2.455513,0.067954473,0.130128205,0.137167588,-0.210187346,-0.165492132,-0.023318172,0.014735625,-0.070556849,0.105730116,0.400713921,-0.194751143,4.657413006
76,Netherlands,NL,NLD,528,52.5,5.75,,015 Netherlands,Western Europe,52.132633,5.291266,7.377999783,0.027985243,10.6516819,0.924070656,70.98093414,0.900468528,0.308452934,0.462236613,2.098976374,2.465703487,1.32944417,1.280173063,0.892838299,0.615761518,0.476103932,0.318139434,0.541644931,1.399068236,1.880602002,0.489837408,,,,,0.435723454,0.661756992,015 Netherlands,52.132633,5.291266,-0.079741478,0.053211085,-0.000572205,-0.000186637,-0.022902727,-0.054631192,1.099884033,0.030438462,0.00270468,0.002850992,-0.028518766,-0.022454403,-0.043687493,0.027607761,-0.016375018,-0.004226267,0.15715766,0.0348562,7.457741261
77,New Zealand,NZ,NZL,554,-41.0,174.0,,055 New Zealand,North America and ANZ,-40.900557,174.885971,7.285999775,0.033713408,10.40868282,0.940630615,71.54219055,0.922872722,0.307063699,0.286465794,2.098976374,2.264252186,1.250184655,1.319674492,0.908370614,0.639377654,0.475010067,0.42921564,0.613678098,1.499216437,1.957223415,,,,0.483870953,,0.511602223,0.562273264,055 New Zealand,-40.900557,174.885971,-0.145551682,0.064812966,0.050742149,0.01655069,-0.013021469,-0.03106086,1.217384338,0.033690196,0.005508542,0.005806531,0.016315252,0.012845901,0.04337801,-0.027412189,0.010420268,-0.004088283,0.110256314,0.081938148,7.431551457
78,Nicaragua,NI,NIC,558,13.0,-85.0,,158 Nicaragua,Latin America and Caribbean,12.865416,-85.207229,5.828000069,0.053712241,8.394598007,0.866077125,65.5717926,0.842583954,0.057038266,0.659991443,2.098976374,2.324071884,0.593245685,1.141837716,0.743144393,0.554745615,0.278151244,0.193170771,0.587420702,-0.447513133,-0.675913632,0.114300102,,,,,,,158 Nicaragua,12.865416,-85.207229,1.12114048,0.093746677,0.116755486,0.038082421,-0.005497456,-0.013113397,1.996524811,0.055252321,0.051280439,0.054054495,-0.021411117,-0.016858159,-0.174417675,0.110221058,0.227638736,0.275658548,-0.220924586,-0.003443599,4.706859589
79,Niger,NE,NER,562,16.0,8.0,,064 Niger,Sub-Saharan Africa,17.607789,8.081666,3.845000029,0.036015663,6.788557053,0.711303651,49.45306396,0.768748879,-0.050010554,0.71819222,2.098976374,1.878767729,0.069399394,0.772647679,0.297070712,0.476916373,0.193865761,0.156391516,0.583322108,-0.783948421,-0.684004128,0.389558226,,,,,,,064 Niger,17.607789,8.081666,-0.15477109,0.056110129,0.102030277,0.033279464,0.016897142,0.040305726,2.805519104,0.07764063,0.098916352,0.104267307,-0.077182025,-0.060769681,-0.035931587,0.022706514,0.217429966,0.045217574,-0.402801216,0.003157914,3.999771119
80,Nigeria,NG,NGA,566,10.0,8.0,,035 Nigeria,Sub-Saharan Africa,9.081999,8.675277,5.268000126,0.041922264,8.581940651,0.766502976,44.5024147,0.642027199,0.049648058,0.901891947,2.098976374,2.893194675,0.654351711,0.904317796,0.160065219,0.343339592,0.272332489,0.040304787,0.304238051,-1.39038527,-1.008424163,0.11678832,,0.216783211,0.176875904,0.253214628,,0.150124371,035 Nigeria,9.081999,8.675277,0.46750927,0.06110717,0.183581352,0.059879176,0.039182842,0.09346509,2.326290131,0.064378329,0.000525057,0.000553461,-0.048732657,-0.03836992,0.006876409,-0.00434546,0.175560668,-0.011108994,-0.061294556,0.002283931,4.800490856
81,Norway,NO,NOR,578,62.0,10.0,,160 Norway,Western Europe,60.472024,8.468946,7.521999836,0.038801666,11.04887199,0.945359468,70.7052536,0.951669097,0.144467577,0.388028592,2.098976374,2.465311527,1.458996654,1.330954552,0.885209024,0.669731796,0.346989155,0.365034252,0.688396156,1.531618357,1.903924584,,,,0.647737384,,0.737304688,,160 Norway,60.472024,8.468946,0.106544495,0.082659908,-0.016726494,-0.005455721,-0.012789488,-0.030507501,1.139190674,0.031526245,-0.007510006,-0.007916266,0.061828397,0.04868092,-0.008531868,0.005391607,0.041719284,0.002468765,0.130807996,0.095013261,7.415455341
82,Pakistan,PK,PAK,586,30.0,70.0,,009 Pakistan,South Asia,30.375321,69.345116,5.193999767,0.037263993,8.401280403,0.56099695,57.31555939,0.431113124,0.131411329,0.800080299,2.098976374,3.107092142,0.595425308,0.414112478,0.514659345,0.121015951,0.336709261,0.104643382,0.284734488,-1.774926782,-0.871609628,0.201250926,,,0.203742206,0.281500012,,0.227247044,009 Pakistan,30.375321,69.345116,-0.312333584,0.071374021,0.085677147,0.027945524,0.041710854,0.099495299,0.936538696,0.025918003,-0.056477576,-0.059532776,0.055145577,0.043419167,-0.011762202,0.007432976,0.14467819,-0.222495615,-0.248565197,-0.210002005,5.506333351
83,Palestinian Territories,PS,PSE,275,32.0,35.25,,039 Palestinian Territories,Middle East and North Africa,31.952162,35.233154,4.715000153,0.043942146,8.411239624,0.775415063,62.57299042,0.548720658,-0.153341115,0.761463284,2.098976374,2.043837547,0.598673701,0.925576329,0.66015476,0.244985551,0.112507887,0.129046917,0.460024685,-1.478409171,-0.4696621,0.092184372,,,,,,0.158000007,039 Palestinian Territories,31.952162,35.233154,0.281977654,0.072688818,0.160955429,0.052499224,0.010190248,0.024307387,0.734050751,0.020314302,0.095187306,0.100336537,-0.06518764,-0.051325839,-0.088731945,0.056073036,0.202204645,0.0716061,-0.282948494,0.490150779,4.433022499
84,Panama,PA,PAN,591,9.0,-80.0,,163 Panama,Latin America and Caribbean,8.537981,-80.782127,6.785999775,0.04910358,9.836421013,0.889832795,67.50363922,0.830590904,0.014091259,0.818980873,2.098976374,2.848477125,1.063528538,1.198503494,0.796606779,0.542103767,0.244336665,0.092699401,0.406445265,0.149474084,0.021690199,0.208713278,,,,,,,163 Panama,8.537981,-80.782127,0.275834084,0.075685449,0.405249596,0.132181242,-0.054789066,-0.130691513,1.135780334,0.031431865,0.069655061,0.073423102,-0.016652329,-0.013111301,-0.094682038,0.059833124,0.153066516,0.103203535,-0.071381405,0.061160319,6.510165691
85,Paraguay,PY,PRY,600,-23.0,-58.0,,164 Paraguay,Latin America and Caribbean,-23.442503,-58.443832,5.877999783,0.045627426,8.90537262,0.934382915,62.60280609,0.827634394,0.13863562,0.835253954,2.098976374,2.188957214,0.75984627,1.304771543,0.660979927,0.538987339,0.342397332,0.082415827,0.332951516,-0.496061146,-0.733267725,0.142424241,,,,,,,164 Paraguay,-23.442503,-58.443832,0.87631464,0.070617594,0.158938408,0.051841326,0.055983245,0.133540049,0.554603577,0.015348236,0.133043945,0.140241057,0.024237536,0.019083554,-0.051663935,0.032648373,0.392702609,0.094668671,0.004975438,0.231779873,5.001685143
86,Peru,PE,PER,604,-10.0,-76.0,,165 Peru,Latin America and Caribbean,-9.189967,-75.015152,5.823999882,0.046145611,9.335644722,0.795961261,65.10280609,0.709970593,-0.105952635,0.870894253,2.098976374,2.594502926,0.900189161,0.974586368,0.730165541,0.414958417,0.149819463,0.059893392,0.244209155,-0.396575153,-0.168820515,0.101842374,,,0.048720066,0.105929382,0.062890917,0.084029421,165 Peru,-9.189967,-75.015152,0.810733318,0.077366307,0.315848351,0.103021026,-0.020296752,-0.048415013,1.697624207,0.04698047,0.056240857,0.059283249,-0.020014569,-0.015758578,-0.043071508,0.027218498,0.172329649,0.048504129,0.019466102,0.185643032,5.013266564
87,Philippines,PH,PHL,608,13.0,122.0,,048 Philippines,Southeast Asia,12.879721,121.774017,5.072999954,0.049337585,8.7382164,0.821355104,59.71776581,0.909655869,0.02117095,0.771370053,2.098976374,1.753595352,0.705324531,1.035159707,0.581138611,0.625445843,0.249910891,0.122786455,0.738707185,-0.600965619,-0.277495444,0.116372794,,,0.055,0.082936019,,0.031518128,048 Philippines,12.879721,121.774017,0.219330311,0.086636424,0.206315041,0.067294277,0.020562291,0.049048416,0.854179382,0.02363877,0.067686081,0.071347609,0.002162138,0.001702371,-0.087377489,0.055217106,0.268248558,0.144467235,0.189680994,0.034765869,4.853669643
88,Poland,PL,POL,616,52.0,20.0,,019 Poland,Central and Eastern Europe,51.919438,19.145136,5.790999889,0.042633358,10.02656937,0.923779786,66.8685379,0.820261478,-0.083380409,0.899024069,2.098976374,1.86564827,1.125549793,1.279479265,0.7790308,0.531215608,0.16759184,0.042117108,0.228005648,1.042865515,0.738625109,0.281998992,,0.344665885,0.169124022,,0.181796342,0.222115889,019 Poland,51.919438,19.145136,0.053984642,0.080162473,0.241457939,0.078756921,0.007112741,0.016966432,1.504821777,0.041644808,0.04389447,0.046268973,-0.028679568,-0.022581013,-0.057053149,0.036054019,0.197110146,0.099493042,0.406543553,0.294090331,5.737015247
89,Portugal,PT,PRT,620,39.5,-8.0,,166 Portugal,Western Europe,39.399872,-8.224454,5.102000237,0.048021924,10.13191414,0.865035653,70.34319305,0.804582655,-0.12198893,0.948616803,2.098976374,1.264621019,1.159910321,1.139353514,0.875189304,0.514688611,0.137193203,0.010777602,0.215936482,0.870967746,0.952771842,0.257435888,,,,,,,166 Portugal,39.399872,-8.224454,-0.303512573,0.105373219,-0.030263901,-0.00987125,-0.041045964,-0.097909302,1.605102539,0.044420004,-0.077862561,-0.082074597,0.060858928,0.047917604,0.068092346,-0.043030102,-0.140547648,-0.230293512,-0.230485439,-0.076485097,5.40551281
90,Romania,RO,ROU,642,46.0,25.0,,022 Romania,Central and Eastern Europe,45.943161,24.96676,5.124000072,0.06606546,9.774851799,0.758771718,66.50250244,0.648988664,-0.121627659,0.955407202,2.098976374,1.931293011,1.043446422,0.885876,0.76890105,0.350677639,0.137477651,0.006486494,0.238146275,0.185191035,-0.00738292,0.160760149,,,0.179176763,,0.196664751,0.076917417,022 Romania,45.943161,24.96676,-0.094400883,0.090205856,0.165367126,0.053938199,-0.029863775,-0.071235783,2.09261322,0.057911493,-0.096923709,-0.102166869,0.067682877,0.053290479,0.002496004,-0.001577318,-0.0098398,0.004590303,-0.11816889,0.039229795,5.218400955
91,Russia,RU,RUS,643,60.0,100.0,,076 Russia,Commonwealth of Independent States,61.52401,105.318756,5.71600008,0.031351931,10.06364918,0.905622959,62.90205765,0.664272606,-0.293708861,0.91811955,2.098976374,2.273941517,1.137644172,1.236168742,0.669261456,0.366788387,0.00198859,0.030049957,0.487205654,-0.893091917,-0.654246867,0.241273105,,0.3472718,0.232352942,,0.247649342,0.28128612,076 Russia,61.52401,105.318756,0.597899437,0.04617019,0.123085022,0.040146939,0.015701652,0.037454054,3.536144257,0.097860128,0.039206982,0.041327912,0.009277374,0.00730459,-0.017615855,0.011132118,0.235225737,0.11270383,0.023094654,-0.026894867,5.118100643
92,Rwanda,RW,RWA,646,-2.0,30.0,,065 Rwanda,Sub-Saharan Africa,-1.940278,29.873888,3.464999914,0.034642708,7.256647587,0.711745381,54.20740128,0.877933145,-0.008843509,0.092307568,2.098976374,0.670418262,0.222077623,0.77370137,0.428643405,0.592007041,0.226278856,0.551911473,,-0.724871039,0.05773522,0.323323309,,,,,0.048569527,0.166339234,065 Rwanda,-1.940278,29.873888,-0.749665499,0.06221975,0.298608303,0.097397797,-0.006645024,-0.015850758,5.997146606,0.165966511,-0.037440836,-0.039466228,-0.040293023,-0.03172493,-0.206835836,0.130707309,0.307029694,,0.190084457,0.609710932,4.214665413
93,Saudi Arabia,SA,SAU,682,25.0,45.0,,005 Saudi Arabia,Middle East and North Africa,23.885942,45.079162,6.410999775,0.04632777,10.85392475,0.841798723,64.74455261,0.61085403,-0.122162804,0.450995088,2.098976374,2.438715458,1.395410299,1.083925128,0.720251143,0.310480088,0.137056306,0.325243384,,-1.128825068,0.077053748,0.335353523,,,,0.505326211,,,005 Saudi Arabia,23.885942,45.079162,-0.761579037,0.061662428,0.266013145,0.086766154,-0.039055884,-0.093162246,1.306610107,0.036159448,-0.006659031,-0.007019256,-0.110759512,-0.087207094,-0.052833021,0.033387162,-0.031075832,,-0.105309725,0.140737116,7.172578812
94,Senegal,SN,SEN,686,14.0,-14.0,,066 Senegal,Sub-Saharan Africa,14.497401,-14.452362,3.904000044,0.036078509,7.69475174,0.796631932,54.45160294,0.665155351,-0.031519197,0.796140671,2.098976374,1.443947315,0.364975125,0.976186156,0.435401499,0.367718875,0.20842503,0.107132979,0.641851306,-0.077972926,-0.299467832,0.269153237,,,,,,,066 Senegal,14.497401,-14.452362,-0.729185343,0.050599247,0.035083294,0.011443203,0.041155159,0.098169766,1.648635864,0.045624755,-0.051250577,-0.054023016,-0.036420926,-0.028676212,0.004185617,-0.002645048,0.06989345,0.255510271,0.082509272,-0.00898543,4.633185387
95,Serbia,RS,SRB,688,44.0,21.0,,173 Serbia,Central and Eastern Europe,44.016521,21.005859,5.123000145,0.048636228,9.398003578,0.810658693,65.76023865,0.507057428,-0.051987793,0.924258709,2.098976374,2.024996996,0.920528889,1.009644985,0.748359501,0.201068521,0.192308962,0.026170393,0.336278588,-0.02889671,-0.221449703,0.14895764,,,0.284375012,0.183333337,,,173 Serbia,44.016521,21.005859,0.372694492,0.083079509,0.061057091,0.019915139,-0.033368289,-0.079595298,2.161701202,0.059823453,0.05313161,0.056005806,0.113163441,0.089099847,0.019945502,-0.012604309,0.132644638,-0.005720258,0.242425725,0.200171411,4.750305653
96,Sierra Leone,SL,SLE,694,8.5,-11.5,,080 Sierra Leone,Sub-Saharan Africa,8.460555,-11.779889,4.506999969,0.070684716,7.588256359,0.788047135,38.71850967,0.703749299,-0.023317855,0.826642513,2.098976374,2.510089874,0.330239266,0.955708325,0.0,0.408400595,0.214882419,0.087857723,0.570136428,-0.313446999,-0.930841267,0.158475429,,,,,,,080 Sierra Leone,8.460555,-11.779889,0.900512457,0.088042632,0.4858284,0.158463836,0.164114118,0.39147085,2.088722229,0.057803813,0.00457567,0.004823194,-0.20034416,-0.157742053,-0.006329358,0.003999758,0.458819389,0.019090295,-0.002618283,0.176718771,3.606487512
97,Singapore,SG,SGP,702,1.3667,103.8,,028 Singapore,Southeast Asia,1.352083,103.819836,6.797999859,0.037804194,11.24159908,0.815000594,75.7654953,0.830982327,0.098820552,0.186955884,2.098976374,1.885012627,1.521858931,1.020002007,1.025247455,0.54251641,0.311048716,0.492099643,0.850019157,0.712401509,2.009642839,0.290733188,,,,0.166693449,,0.373906046,028 Singapore,1.352083,103.819836,0.157892704,0.054403082,0.135958672,0.044345971,-0.094662368,-0.225803599,2.25177002,0.062316038,0.039648831,0.041793667,-0.095790237,-0.075420961,0.123341002,-0.077943794,-0.230712682,-0.064269483,0.24969238,0.042414665,6.640107155
98,Slovakia,SK,SVK,703,48.6667,19.5,,175 Slovakia,Central and Eastern Europe,48.669026,19.699024,5.994999886,0.042665444,10.15950203,0.91980046,67.22956085,0.617524445,-0.081683077,0.911380172,2.098976374,2.246385336,1.168908715,1.269987106,0.78902185,0.31751135,0.168928236,0.034308821,0.321967334,1.01233995,0.595996797,0.211597145,,0.230107531,0.257534236,,,,175 Slovakia,48.669026,19.699024,0.730374813,0.07939706,0.200828552,0.065504737,-0.033284843,-0.079396248,1.812103271,0.050148591,0.077028453,0.081195369,-0.018795364,-0.014798631,-0.03398174,0.021474333,0.124128155,0.15786162,0.113020778,-0.123083293,5.264625073
99,Slovenia,SI,SVN,705,46.0,15.0,,176 Slovenia,Central and Eastern Europe,48.669026,19.699024,5.84800005,0.042513609,10.20876789,0.921418846,70.27749634,0.893630147,0.025451683,0.905746996,2.098976374,1.61582613,1.184977889,1.27384758,0.873371184,0.608553171,0.253281355,0.037868638,0.189357236,0.946266294,0.854545414,0.160569102,,,0.1529295,,0.175898924,0.199812382,176 Slovenia,48.669026,19.699024,0.036461353,0.089037478,-0.022027016,-0.007184605,-0.014625549,-0.034887165,1.95173645,0.054012835,-0.042163312,-0.04444417,-0.010745637,-0.008460635,0.197555125,-0.12484248,-0.165806219,-0.288516283,-0.117115378,-0.042041361,5.811538697
100,South Africa,ZA,ZAF,710,-29.0,24.0,,045 South Africa,Sub-Saharan Africa,-30.559482,22.937506,4.642000198,0.045854684,9.397891998,0.884039044,48.72331238,0.631331921,-0.144167513,0.825083375,2.098976374,1.719561338,0.92049253,1.184683323,0.276875377,0.332065731,0.119730778,0.088842995,0.45383352,0.277679682,0.157787949,0.181362718,0.290300071,0.28258726,0.175728798,0.115162753,,0.232811525,045 South Africa,-30.559482,22.937506,-0.501871109,0.071432322,0.066523552,0.021698149,0.035856187,0.085529827,3.942893982,0.109116621,-0.050850928,-0.053601749,-0.01503253,-0.011835943,-0.029985249,0.018948801,0.169855699,-0.181940198,-0.051171482,-0.273089468,5.143871307
101,Spain,ES,ESP,724,40.0,-4.0,,017 Spain,Western Europe,40.463667,-3.74922,6.328999996,0.034679994,10.3471508,0.938162684,73.24969482,0.752232015,-0.064734504,0.864422679,2.098976374,2.123666286,1.230114579,1.31378758,0.955624521,0.459506005,0.182272777,0.063983023,0.256616503,0.513819337,1.035872698,0.258291453,,0.292382956,0.286672652,0.32690984,0.198379636,0.190778956,017 Spain,40.463667,-3.74922,-0.743313789,0.054811589,-0.063580513,-0.020738211,-0.022385597,-0.053397652,1.559860229,0.043167956,-0.095691383,-0.100867882,0.037352435,0.029409641,0.085605383,-0.054097246,-0.156523392,-0.246061534,0.018301994,-0.110123277,7.072313785
102,Sri Lanka,LK,LKA,144,7.0,81.0,,049 Sri Lanka,South Asia,7.873054,80.771797,4.270999908,0.037505157,9.136509895,0.814602375,64.30414581,0.825997412,0.222307697,0.820427418,2.098976374,0.671078682,0.835236907,1.019052029,0.708063185,0.537261784,0.408277005,0.091785274,0.770167053,-0.652181268,-0.175583407,0.148260206,,,,,,,049 Sri Lanka,7.873054,80.771797,-0.108157635,0.060571037,0.372785568,0.121592373,-0.0351789,-0.08391425,0.493034363,0.013644354,0.096161902,0.101363853,0.134668946,0.106032319,-0.021092474,0.013329124,0.272047758,0.065644979,0.229860008,-0.043243065,4.379157543
103,Sweden,SE,SWE,752,62.0,15.0,,023 Sweden,Western Europe,60.128161,18.643501,7.363999844,0.03156627,10.65862274,0.927800655,71.63234711,0.942244232,0.164319962,0.271875322,2.098976374,2.371190548,1.331708074,1.289070487,0.910865664,0.659797072,0.362620056,0.438435882,0.583863556,1.436961174,2.018341064,0.593124688,0.570789635,,0.565906823,0.637184501,0.679727852,0.607827246,023 Sweden,60.128161,18.643501,0.054975033,0.049227778,0.051913261,0.016932676,-0.006848931,-0.016337151,0.753173828,0.020843519,0.005035043,0.005307417,0.026974827,0.021238776,-0.020028323,0.012656647,0.060641885,0.082792222,0.033618093,0.165369272,7.309024811
104,Switzerland,CH,CHE,756,47.0,8.0,,184 Switzerland,Western Europe,46.818188,8.227512,7.586999893,0.034111578,10.85728264,0.953136325,72.73686218,0.947723985,0.080692194,0.301402122,2.098976374,2.517383099,1.396505475,1.349505067,0.941432297,0.665573299,0.296775281,0.419776797,0.758918643,1.53458786,1.876428485,0.437881887,,0.265255481,0.378479093,,0.518936038,,184 Switzerland,46.818188,8.227512,0.113698483,0.065470174,0.042565346,0.013883642,0.001934052,0.004613404,1.064720154,0.029465329,0.029111028,0.03068581,-0.204547763,-0.16105178,-0.105620384,0.066745475,-0.01565812,0.126944363,0.133895636,0.000410676,7.47330141
105,Taiwan,TW,TWN,158,23.5,121.0,,069 Taiwan,East Asia,23.69781,120.960515,6.297999859,0.038683113,10.53376865,0.83854872,70.34708405,0.693315268,0.026056159,0.83703351,2.098976374,2.323225021,1.290984154,1.076172709,0.87529695,0.397402108,0.253757298,0.081291258,0.285762876,0.851959825,1.022367835,0.391709834,,,0.371612906,,0.241740584,0.303068846,069 Taiwan,23.69781,120.960515,0.109079361,0.084857047,0.135698318,0.044261049,-0.044017971,-0.104998596,1.66708374,0.046135288,0.058694839,0.061869983,0.060204651,0.047402456,-0.007165253,0.004527992,0.09919817,0.005863696,0.172455132,0.15026933,6.188920498
106,Tajikistan,TJ,TJK,762,39.0,71.0,,185 Tajikistan,Commonwealth of Independent States,38.861034,71.276093,4.785999775,0.031980254,7.772919655,0.746090591,59.45213318,0.764237046,-0.004448545,0.727163494,2.098976374,2.113991737,0.390471339,0.855627,0.573787391,0.472160459,0.229739264,0.150722235,,-1.267594695,-1.072520614,0.293067217,,,,,,,185 Tajikistan,38.861034,71.276093,0.2643857,0.051691327,0.250909805,0.081839859,0.021018207,0.05013594,1.053295135,0.029149149,0.020531058,0.021641701,0.03880946,0.030556837,-0.00138545,0.000875518,0.214199007,,-0.059095621,-0.010296345,4.521614075
107,Tanzania,TZ,TZA,834,-6.0,35.0,,037 Tanzania,Sub-Saharan Africa,-6.369028,34.888822,3.780999899,0.050606076,7.450170517,0.80773747,52.52743912,0.628215134,0.140382797,0.874734104,2.098976374,1.380794525,0.285199463,1.002676845,0.382151723,0.328780353,0.343772978,0.057466846,0.525946498,-0.0979895,-0.62907356,0.281124502,,,,0.078125,,,037 Tanzania,-6.369028,34.888822,-0.220702648,0.087486014,0.235559464,0.076833002,0.082163274,0.195988789,5.257282257,0.145491332,-0.119951367,-0.126440227,0.148551136,0.116962537,0.192100346,-0.121395402,0.287440032,-0.238466144,0.214280188,-0.245602131,4.001702547
108,Thailand,TH,THA,764,15.0,100.0,,051 Thailand,Southeast Asia,15.870032,100.992541,6.454999924,0.035566803,9.540180206,0.917728543,65.40387726,0.844383955,0.4357149,0.915240169,2.098976374,2.319449425,0.966903031,1.265044808,0.738497436,0.556643009,0.576304317,0.031869546,0.658236682,-0.773781657,-0.019740209,0.239401489,,,,,0.415081978,0.324912518,051 Thailand,15.870032,100.992541,0.611626625,0.052555129,0.179528236,0.05855716,0.024552703,0.058566976,1.320381165,0.036540553,-0.022233427,-0.023436161,0.084754944,0.066732258,-0.004024744,0.002543386,0.199504167,0.165890962,-0.003059387,-0.122269392,5.843373299
109,Togo,TG,TGO,768,8.0,1.1667,,187 Togo,Sub-Saharan Africa,8.619543,0.824782,2.838999987,0.067273177,7.215558529,0.446059346,48.99629974,0.662128508,-0.08437521,0.795855284,2.098976374,1.567257762,0.208675504,0.139945194,0.284430087,0.364528298,0.166808575,0.107313327,0.47497353,-0.718648493,-1.022988796,,,,,,,,187 Togo,8.619543,0.824782,-0.363470554,0.087869778,0.102668762,0.033487719,0.010203958,0.024340088,2.150146484,0.059503682,0.034281015,0.036135472,-0.073976487,-0.058245786,-0.053961039,0.0341,0.129321173,0.155774534,0.294813573,0.060139418,3.202470541
110,Trinidad and Tobago,TT,TTO,780,11.0,-61.0,,189 Trinidad & Tobago,Latin America and Caribbean,10.691803,-61.222503,6.168000221,0.10894575,10.29110622,0.883561075,60.93527985,0.846471548,0.108202524,0.947631657,2.098976374,2.268817663,1.211834431,1.183543205,0.614832401,0.558843493,0.318435669,0.011400152,0.383907169,0.279793829,0.035535507,,,,,,0.038241852,0.032032032,189 Trinidad & Tobago,10.691803,-61.222503,0.33551836,0.158899829,0.023310661,0.007603295,-0.004111528,-0.009807466,0.698249817,0.019323537,0.007004261,0.007383162,-0.011138797,-0.008770191,0.030675709,-0.019385129,-0.003652791,0.070146739,0.094252959,-0.067444474,5.832481861
111,Turkey,TR,TUR,792,39.0,35.0,,008 Turkey,Middle East and North Africa,38.963745,35.243322,5.331999779,0.038638968,9.828620911,0.784110665,65.15909576,0.532750309,-0.140608296,0.716508508,2.098976374,2.085283756,1.060984373,0.946318448,0.731723309,0.228151277,0.122533143,0.157455519,0.54300797,-0.716520965,0.25590992,0.090263695,,0.098058254,0.06466376,0.187986806,0.048552454,0.118725449,008 Turkey,38.963745,35.243322,0.158953667,0.067295268,0.152579308,0.049767163,-0.025059521,-0.059775919,2.059574127,0.056997161,-0.009827375,-0.010358995,0.04043813,0.031839181,-0.121993423,0.077092208,0.145560801,-0.033805251,-0.339855134,0.105619848,5.173046112
112,Uganda,UG,UGA,800,1.0,32.0,,041 Uganda,Sub-Saharan Africa,1.373333,32.290275,3.930999994,0.043173365,7.222754955,0.862366378,50.9541893,0.750114858,0.072929263,0.850681484,2.098976374,1.427662849,0.211022779,1.132986307,0.338613212,0.457274318,0.290663093,0.072666593,0.518237293,-0.691686511,-0.530418098,0.207280084,,,,0.075872228,,,041 Uganda,1.373333,32.290275,-0.164977074,0.067081563,0.190416336,0.062108561,0.060340524,0.143933728,4.314586639,0.119402938,0.02346313,0.024732387,0.068849139,0.054208741,0.003473997,-0.002195349,0.402191013,-0.063114882,0.13711518,-0.056787729,4.095977068
113,Ukraine,UA,UKR,804,49.0,32.0,,077 Ukraine,Commonwealth of Independent States,48.379433,31.16558,4.681000233,0.044118028,9.025622368,0.891627014,63.06974411,0.554642737,-0.102233365,0.918812096,2.098976374,1.571398735,0.799068451,1.202783346,0.673902035,0.251228005,0.152747855,0.029612312,0.225078359,-0.193591535,-0.754429877,0.311264813,,,0.287797928,,0.266814858,0.235055715,077 Ukraine,48.379433,31.16558,-0.344572544,0.072682701,0.015526772,0.005064405,0.05187422,0.123738565,2.599514008,0.071939595,-0.029146314,-0.030723006,0.129480153,0.101946898,-0.02499181,0.01579326,0.287759721,0.097502455,-0.144209415,-0.114510417,5.025572777
114,United Arab Emirates,AE,ARE,784,24.0,54.0,,193 United Arab Emirates,Middle East and North Africa,23.424076,53.847818,6.901000023,0.03729482,10.95158863,0.859333575,67.96046448,0.924950719,0.039416384,0.355115891,2.098976374,2.247431755,1.427265525,1.125751972,0.809249043,0.641568065,0.264276534,0.385833055,,-0.058939811,0.88670373,0.178270042,,,,,,,193 United Arab Emirates,23.424076,53.847818,0.167153835,0.070290476,-0.524670601,-0.171133086,-0.043709159,-0.104261972,1.136672974,0.031456567,0.026896,0.02835096,0.10540992,0.082995065,0.152202681,-0.09618257,-0.228775039,,-0.065946676,0.147283375,6.733846188
115,United Kingdom,GB,GBR,826,54.0,-2.0,,012 United Kingdom,Western Europe,55.378051,-3.435973,6.867000103,0.018664662,10.45831871,0.926294088,71.58045197,0.881961286,0.363087177,0.45823577,2.098976374,1.969937801,1.266374469,1.285476804,0.909429491,0.596253097,0.519120455,0.320667744,0.414063901,0.867091179,1.62453711,0.376016259,,,0.304498315,,0.300558358,,012 United Kingdom,55.378051,-3.435973,-0.018782139,0.047205016,-0.042216301,-0.013769793,-0.049945593,-0.119138099,2.102531433,0.058185972,0.004844189,0.005106239,0.034531355,0.027188448,0.005224228,-0.003301385,-0.04572862,-0.010872513,-0.044212937,-0.110712767,6.885782242
116,United States,US,USA,840,38.0,-97.0,,001 United States,North America and ANZ,37.09024,-95.71289,7.118999958,0.03839089,10.85116482,0.910210848,69.85884094,0.834320545,0.213130787,0.714229286,2.098976374,2.510109425,1.394510031,1.247112513,0.861785233,0.546035171,0.401051521,0.15889585,0.339310884,0.875086725,1.444865704,0.424395174,0.453547865,,0.349512935,0.35518533,0.393451452,0.351394504,001 United States,37.09024,-95.71289,-0.244717121,0.066496231,0.01594162,0.005199717,-0.054216027,-0.129324615,0.987434387,0.027326502,-0.055565536,-0.058571398,0.031465501,0.024774531,0.095990002,-0.060659677,-0.191254944,-0.127875835,0.172555804,-0.090985417,7.363717079
117,Uruguay,UY,URY,858,-33.0,-56.0,,194 Uruguay,Latin America and Caribbean,-32.522779,-55.765835,6.485000134,0.045386408,9.830703735,0.894191384,68.04554749,0.888953388,-0.001069459,0.577055931,2.098976374,2.321418285,1.061663747,1.208900332,0.811603665,0.60362345,0.232399791,0.245580822,0.567846954,0.86625421,0.675851405,0.274387062,,,0.216404811,,0.284393072,0.144351467,194 Uruguay,-32.522779,-55.765835,0.745007992,0.066999905,0.313798904,0.102352552,0.000210583,0.000502316,0.911064148,0.025213014,0.092460394,0.09746211,0.148278847,0.116748147,0.036439717,-0.023027621,0.319250524,-0.065032542,-0.0372504,0.107086301,5.739992142
118,Uzbekistan,UZ,UZB,860,41.0,64.0,,195 Uzbekistan,Commonwealth of Independent States,41.377491,64.585262,6.002999783,0.043606702,8.514753342,0.949332833,60.31689835,0.940741599,-0.006184044,0.477873564,2.098976374,2.237409592,0.63243705,1.340432405,0.597719133,0.658213198,0.228372797,0.308257878,,-1.252680182,-1.261043191,0.277835578,,,,,,0.139223561,195 Uzbekistan,41.377491,64.585262,0.770519733,0.077905044,0.436465263,0.142362937,0.04851234,0.115719274,0.700317383,0.019380756,0.157412171,0.1659275,0.107875265,0.084936172,-0.12918824,0.081638888,0.609965503,,0.621993423,-0.000541687,5.23248005
119,Venezuela,VE,VEN,862,8.0,-66.0,,032 Venezuela,Latin America and Caribbean,6.42375,-66.58973,6.809999943,0.064759694,9.777275085,0.913919508,64.75435638,0.723369479,-0.222046241,0.790505648,2.098976374,3.191308737,1.044236779,1.255958915,0.720522463,0.429082125,0.058412541,0.110693961,0.463780791,-0.957735956,-1.399839997,0.149337411,,,0.13333334,0.158333331,,,032 Venezuela,6.42375,-66.58973,-0.036687374,0.085695989,0.124245644,0.040525503,-0.037704408,-0.089938492,1.054908752,0.029193806,-0.095334411,-0.100491598,-0.158702031,-0.124954894,0.108473241,-0.068548299,-0.314213961,-0.097519845,0.003690958,-0.251602173,6.846687317
120,Vietnam,VN,VNM,704,16.0,106.0,,050 Vietnam,Southeast Asia,14.058324,108.277199,5.360000134,0.03106834,8.513903618,0.769831121,65.70241547,0.880241632,-0.082101293,0.800449133,2.098976374,2.201725721,0.632159889,0.912256658,0.746759236,0.594440401,0.16859895,0.104410298,0.838525355,-0.56405139,-0.508551836,0.299084425,,,,0.386999995,0.510053635,,050 Vietnam,14.058324,108.277199,0.000860691,0.050028533,0.271532059,0.088566273,-0.100753546,-0.240333229,0.712120056,0.019707385,-0.019042671,-0.020072799,-0.136189982,-0.107229918,0.047313154,-0.029898953,-0.289261252,-0.052286148,-0.000944257,-0.047007829,5.359139443
121,Yemen,YE,YEM,887,15.0,48.0,,197 Yemen,Middle East and North Africa,15.552727,48.516388,4.077000141,0.043670222,8.251256943,0.672852993,53.19565964,0.653760672,-0.180259421,0.841382504,2.098976374,1.923128843,0.546491802,0.680929124,0.400644213,0.355707794,0.091313615,0.07854297,0.445375681,-1.912286162,-1.1173172,0.25100401,,,,,,0.38499999,197 Yemen,15.552727,48.516388,-0.400374413,0.082138628,-0.12761879,-0.041625731,-0.151831806,-0.36217314,0.933971405,0.025846954,-0.018668234,-0.019678107,-0.171092823,-0.134710848,0.048761308,-0.030814096,-0.563154995,-0.020513177,-0.629580975,-0.252485514,4.477374554
122,Zambia,ZM,ZMB,894,-15.0,30.0,,067 Zambia,Sub-Saharan Africa,-13.133897,27.849332,5.129000187,0.069882534,8.017899513,0.771449447,49.53158569,0.779519558,-0.047413018,0.768379211,2.098976374,2.634297609,0.470377028,0.916116893,0.299243718,0.488269687,0.195910946,0.124676481,0.572670221,0.22919561,-0.423534274,0.266331673,,,,,0.110429451,,067 Zambia,-13.133897,27.849332,0.714973927,0.091990136,0.207661629,0.067733496,0.029504716,0.070379294,7.119018555,0.197013468,0.075400591,0.079479441,-0.008276735,-0.006516731,-0.09589237,0.060597979,0.468686938,0.103833765,0.244801149,0.250884891,4.41402626
123,Zimbabwe,ZW,ZWE,716,-20.0,30.0,,081 Zimbabwe,Sub-Saharan Africa,-19.015438,29.154857,4.610000134,0.042902961,7.406627178,0.820347726,50.81447601,0.561648965,-0.055083856,0.837821662,2.098976374,2.441906929,0.270996839,1.032756805,0.334746748,0.258613229,0.189871266,0.080793202,0.49925074,-1.115115762,-1.482211828,0.145290583,,,,0.116682939,,0.08294227,081 Zimbabwe,-19.015438,29.154857,1.055891752,0.079774283,0.030047417,0.009800639,-0.003931165,-0.009377234,12.02390671,0.332752556,0.119193196,0.125641048,0.004716914,0.003713888,-0.087679863,0.055408187,0.517939091,0.227769464,0.223602772,0.136572599,3.554108382
